Model,Density,Communities
ChatGPT,0.029686333084391336,10
DeepSeek,0.043010752688172046,6
Gemini,0.04009324009324009,9
Phi,0.05574912891986063,5
Llama,0.026841804683038265,9
