Model,Mean_WordCount,Proportion_of_300
ChatGPT,246.91296518607442,0.8230432172869148
DeepSeek,180.28756398675097,0.6009585466225033
Gemini,215.6797719087635,0.7189325730292118
Phi,304.17076830732293,1.0139025610244097
Llama,218.50501672240802,0.72835005574136
