Model,Mean,Std
ChatGPT,0.5985037257077405,0.08364931441955542
DeepSeek,0.6375693558243269,0.1017885260383012
Gemini,0.5913681033372151,0.08898457381454426
Phi,0.6239032565284001,0.09171418619949953
Llama,0.6213210428590655,0.1075203492628726
