Model,Mean_Objectivity
ChatGPT,0.5985037257077405
Gemini,0.5913681033372151
Llama,0.6213210428590655
Phi,0.6239032565284001
DeepSeek,0.6375693558243269
