Scope,DeepSeek,Gemini,Llama,Phi,ChatGPT
Artist,0.12322995459880311,0.13905655117055205,0.13800769890977466,0.13894890875872407,0.15200931538518744
Athlete,0.231112392851725,0.21069291282280797,0.2252297776040245,0.1941986616486237,0.2168313118484302
Economist,0.12076573433526197,0.1209735381427221,0.10549562428822061,0.11727235673122283,0.11983236013296994
Inventor,0.12739929679085754,0.11901837004058487,0.11608176483195484,0.12564148643136633,0.12565520106561512
Musician,0.1667719759700717,0.168642555985716,0.1625821497606024,0.1506270933681645,0.1585695915040747
Philosopher,0.11032110535690622,0.11274252597674825,0.0956266731281637,0.10830139346781448,0.10282821943265977
Politician,0.10962918564678485,0.11820197244693977,0.10373673390420414,0.10662818769160176,0.10384647649288241
Scientist,0.12546888125491462,0.11609550870245343,0.10437026575656617,0.12308551020053203,0.12595591174638104
Writer,0.10622826097538522,0.1061222786900134,0.11143820358846789,0.11087569027378531,0.12078497234395401
