Gender,DeepSeek,Gemini,Llama,Phi,ChatGPT
Female,0.1346394836042998,0.13405284249091665,0.13154161836674555,0.1310707163151319,0.1352057524326001
Male,0.1352935684577554,0.13413954862222552,0.12573148037220552,0.12921096809401586,0.13626691440075317
