Century,DeepSeek,Gemini,Llama,Phi,ChatGPT
20th,0.13714533028702774,0.1306257595382369,0.12843685538346117,0.12700090877731018,0.13403484120991102
21st,0.13264358131375947,0.13782334593993784,0.12871124604909215,0.13346645674832092,0.1375881717656147
