Scope,DeepSeek,Gemini,Llama,Phi,ChatGPT
Artist,0.6647280991735538,0.7003834710743801,0.7646429752066116,0.8272440771349863,0.8983190082644628
Athlete,0.9176773371104817,0.9385433427762039,0.9181257790368271,0.9286079320113313,0.9833206798866856
Economist,0.7555957070707071,0.8127737373737373,0.7482232323232325,0.8460133838383839,0.9322929292929293
Inventor,0.7597141592920353,0.7934297935103244,0.7383766961651917,0.8543463126843658,0.9341758112094396
Musician,0.8073607344632767,0.8802124293785312,0.8769322033898306,0.8932347457627119,0.9502251412429379
Philosopher,0.6869635327635327,0.7777763532763533,0.7180433048433048,0.7804840455840455,0.8973532763532763
Politician,0.31675145888594164,0.5253692307692308,0.494167374005305,0.6397058355437666,0.69267824933687
Scientist,0.7330882681564246,0.7681851955307263,0.7547083798882681,0.8324905027932962,0.8831025139664802
Writer,0.6096919896640828,0.5790304909560724,0.6542746770025839,0.7372291989664082,0.8012937984496123
