Model,Mean_SentCompound
ChatGPT,0.8840199511897499
DeepSeek,0.6915
Gemini,0.7498871568029286
Phi,0.8137267541183649
Llama,0.7383856314826114
