Gender,DeepSeek,Gemini,Llama,Phi,ChatGPT
Female,0.7532527170518427,0.8036836976889445,0.7955718301061837,0.860895690193629,0.9242260462211118
Male,0.632545855694693,0.6985286225402504,0.6837910554561717,0.7686954680977937,0.8456359570661895
