Model,Mean,Deviation
ChatGPT,0.8840199511897499,0.10851605247101881
Gemini,0.7498871568029286,0.025616741915802432
Llama,0.7383856314826114,0.03711826723611966
Phi,0.8137267541183649,0.03822285539963388
DeepSeek,0.6915,0.08400389871873104
