Gender,DeepSeek,Gemini,Llama,Phi,ChatGPT
Female,0.12554028732042474,0.13155652717051844,0.1157158026233604,0.14021299188007497,0.1399169269206746
Male,0.11791115086463926,0.12499522957662494,0.10561419200954085,0.1243691115086464,0.12918067978533093
