Gender,DeepSeek,Gemini,Llama,Phi,ChatGPT
Female,0.8384940662086197,0.8332398500936913,0.8605640224859462,0.8296926920674578,0.8396327295440349
Male,0.8342152653548004,0.829227191413238,0.8630667859272511,0.8411228384019083,0.8415700655933215
