Gender,DeepSeek,Gemini,Llama,Phi,ChatGPT
Female,0.0359525296689569,0.03518176139912555,0.02372267332916927,0.03008369768894441,0.02045534041224235
Male,0.04788014311270125,0.04577817531305904,0.031316040548598684,0.03450089445438283,0.029246869409660106
