Scope,DeepSeek,Gemini,Llama,Phi,ChatGPT
Artist,0.10922865013774107,0.11386776859504133,0.10357024793388431,0.12691184573002756,0.12821487603305787
Athlete,0.15630028328611895,0.1746968838526912,0.16504249291784703,0.16624645892351275,0.1746883852691218
Economist,0.10610353535353537,0.11010606060606061,0.08552020202020202,0.12229545454545453,0.12127272727272727
Inventor,0.12149557522123892,0.12939233038348083,0.1050324483775811,0.13074336283185842,0.14032743362831857
Musician,0.13614406779661017,0.14584180790960452,0.137819209039548,0.1465084745762712,0.15276553672316384
Philosopher,0.11646438746438746,0.12557549857549857,0.0972991452991453,0.12163247863247864,0.12572079772079772
Politician,0.1013076923076923,0.11198673740053053,0.09025994694960211,0.1146472148541114,0.11837135278514588
Scientist,0.11272346368715085,0.11784357541899441,0.09812569832402233,0.12147206703910615,0.12108100558659217
Writer,0.1371498708010336,0.12831782945736434,0.11615245478036176,0.14025064599483206,0.13090697674418605
