Century,DeepSeek,Gemini,Llama,Phi,ChatGPT
20th,0.11924513847967001,0.12747613435474367,0.10660931054802593,0.12580082498526812,0.13070064820271066
21st,0.12420493358633776,0.1289765970904491,0.11477545857052499,0.138876660341556,0.1384212523719165
