Scope,DeepSeek,Gemini,Llama,Phi,ChatGPT
Artist,0.04141597796143251,0.042016528925619835,0.029931129476584026,0.031165289256198343,0.02415702479338843
Athlete,0.027875354107648725,0.03356657223796034,0.018056657223796034,0.022246458923512746,0.014022662889518414
Economist,0.030012626262626265,0.02913888888888889,0.019272727272727275,0.027863636363636365,0.01622727272727273
Inventor,0.0353716814159292,0.03427728613569322,0.023371681415929203,0.030734513274336284,0.02070206489675516
Musician,0.032293785310734464,0.030268361581920904,0.020991525423728816,0.0253361581920904,0.022483050847457626
Philosopher,0.04319088319088319,0.040051282051282056,0.02682051282051282,0.03347863247863248,0.022643874643874646
Politician,0.06498673740053051,0.05796286472148541,0.04238461538461539,0.044875331564986735,0.04289124668435014
Scientist,0.03441340782122905,0.03390223463687151,0.02137430167597765,0.02635754189944134,0.01846927374301676
Writer,0.06639018087855296,0.062206718346253236,0.04451421188630491,0.047361757105943154,0.041198966408268735
