Scope,DeepSeek,Gemini,Llama,Phi,ChatGPT
Artist,0.8493415977961434,0.844137741046832,0.8665151515151513,0.841892561983471,0.8476418732782369
Athlete,0.8158016997167139,0.7917110481586402,0.8168838526912182,0.8115042492917846,0.8112634560906516
Economist,0.8638333333333332,0.8607651515151515,0.8952070707070707,0.8498535353535352,0.8625176767676768
Inventor,0.8431386430678465,0.8363038348082596,0.871598820058997,0.8384985250737462,0.8390147492625368
Musician,0.8315649717514125,0.8238926553672317,0.8411751412429379,0.8281299435028248,0.8247542372881357
Philosopher,0.8403076923076922,0.8342991452991452,0.8758803418803418,0.8449145299145299,0.8516267806267808
Politician,0.8337374005305038,0.8300397877984085,0.8673740053050399,0.840448275862069,0.8386949602122016
Scientist,0.8529078212290503,0.8482346368715084,0.8805139664804471,0.8521396648044692,0.8604441340782123
Writer,0.7964728682170543,0.8094961240310077,0.8393100775193798,0.81240826873385,0.8279095607235143
