Century,DeepSeek,Gemini,Llama,Phi,ChatGPT
20th,0.051736593989393044,0.05152857984678846,0.03545609899823218,0.0360612846199175,0.03137713612256924
21st,0.031662239089184065,0.02887539531941809,0.01918279569892473,0.028352941176470595,0.018057558507273877
