Century,DeepSeek,Gemini,Llama,Phi,ChatGPT
20th,0.8290294637595758,0.8209858573954036,0.8579175014731879,0.8381278727165588,0.8379275191514437
21st,0.8441144845034788,0.8421366223908919,0.8660594560404808,0.8327628083491461,0.8435180265654648
