Century,DeepSeek,Gemini,Llama,Phi,ChatGPT
20th,0.5868998821449617,0.6653300530347672,0.6607076016499706,0.761737772539776,0.8329006482027106
21st,0.803774762808349,0.8406483238456673,0.8217629981024668,0.8695302340290956,0.9388899430740038
