Gender,DeepSeek,Gemini,Llama,Phi,ChatGPT
Female,0.3609589969885211,0.40601155628831437,0.3760803012970963,0.3757714839829052,0.39820861454815426
Male,0.3638355977514813,0.41113348577401154,0.381159844443251,0.37640726251835027,0.4046349405118853
