Scope,DeepSeek,Gemini,Llama,Phi,ChatGPT
Artist,0.39503802165146135,0.4564674016443023,0.44197496295796723,0.4072022861251744,0.45234742627858304
Athlete,0.43578741903232604,0.46351463251900976,0.4170644103337512,0.4221676707064824,0.4628077243381576
Economist,0.2951616159701048,0.3450080199839701,0.31866248120387736,0.3401107042961877,0.335457573573917
Inventor,0.34468577329395206,0.40630789552931285,0.36394385938652596,0.3797707015697732,0.39990334878127926
Musician,0.41095715059461807,0.4404854090089627,0.42233081505829584,0.39567871755035305,0.4553837291288561
Philosopher,0.33306668758503916,0.369983906999934,0.33984320367470494,0.3473056190656561,0.35268713879382796
Politician,0.34229905848406855,0.38507100698748326,0.3771941192002514,0.3465122021889095,0.36183261345126966
Scientist,0.3598404056630463,0.41485541299725376,0.3768129100612864,0.3858834454358275,0.4164978697248659
Writer,0.35356218302440723,0.40395162545989577,0.357081096787508,0.3664689631718841,0.38658127097293893
