Century,DeepSeek,Gemini,Llama,Phi,ChatGPT
20th,0.3671602641213583,0.41833810613271377,0.39083149152314584,0.37772856037836555,0.409099675047532
21st,0.35735400594175293,0.3982135301412988,0.36563477570727676,0.3743451980631362,0.3933350022608254
